month,AdviceAnimals,AskReddit,IAmA,Random_Acts_Of_Pizza,WTF,funny,gaming,pics,todayilearned,videos
2011-02,1,1,1,1,1,0,0,1,0,1
2011-05,1,3,3,1,2,1,1,2,2,2
2011-06,6,97,62,10,50,61,64,76,45,44
2011-07,21,163,104,34,93,118,116,143,70,76
2011-08,41,275,184,63,157,204,189,254,126,140
2011-09,56,351,238,77,201,267,239,326,162,180
2011-10,67,410,271,92,229,319,276,381,191,208
2011-11,77,464,308,197,265,360,313,433,212,232
2011-12,86,422,284,306,255,347,288,407,193,215
2012-01,83,410,272,395,239,331,267,384,186,208
2012-02,83,350,231,485,211,285,227,323,150,170
2012-03,87,324,209,511,194,260,212,292,138,154
2012-04,99,324,214,520,200,263,214,293,134,152
2012-05,118,331,215,432,195,275,215,292,143,154
2012-06,137,347,225,326,202,290,224,300,150,169
2012-07,161,387,252,240,232,323,251,329,172,191
2012-08,159,385,243,136,229,327,251,320,178,186
2012-09,172,400,251,114,248,347,254,331,181,194
2012-10,177,406,250,110,263,342,249,328,181,194
2012-11,178,405,249,186,270,345,244,333,177,194
2012-12,197,432,261,303,277,358,257,357,190,200
2013-01,202,417,254,390,273,351,248,343,184,190
2013-02,213,426,266,462,282,360,254,347,187,200
2013-03,226,449,276,495,293,378,265,370,198,211
2013-04,263,492,309,496,327,427,302,402,231,241
2013-05,291,539,348,438,369,465,337,427,260,263
2013-06,285,515,335,330,371,447,323,403,258,257
2013-07,343,586,386,245,426,515,376,469,305,296
2013-08,394,659,435,199,479,581,430,529,353,350
2013-09,472,767,520,199,568,666,504,615,414,409
2013-10,414,674,462,194,495,581,444,544,366,364
